{
  "CHANGELOG.md": 1775706328.8869328,
  "README.md": 1775365586.0092373,
  "TODOS.md": 1775706328.887383,
  "CLAUDE.md": 1775707258.8322976,
  "skills/workflow-builder/SKILL.md": 1775706328.88803
}